{"_wandb":{"runtime":648},"_timestamp":1.733145518500371e+09,"rollout/ep_len_mean":26.29,"train/learning_rate":0.00025,"rollout/episode_reward":1,"train/policy_gradient_loss":-0.026732946,"train/explained_variance":0.76374936,"train/value_loss":0.002711328,"train/loss":-0.3325767,"train/clip_fraction":0.10552885,"train/entropy_loss":-1.2606848,"_step":29993,"rollout/ep_rew_mean":0.99,"time/fps":3111,"train/approx_kl":0.011978548,"_runtime":648.409081,"global_step":2000000,"train/clip_range":0.2}