{"train/clip_range":0.2,"train/clip_fraction":0.09242789,"global_step":5000000,"rollout/episode_reward":0,"train/entropy_loss":-1.3072234,"train/learning_rate":0.00025,"train/value_loss":0.0029692051,"_runtime":1214.300046,"train/policy_gradient_loss":-0.032939926,"time/fps":4141,"train/explained_variance":0.87991536,"_wandb":{"runtime":1214},"train/loss":-0.30719072,"train/approx_kl":0.0100834435,"rollout/ep_len_mean":26.09,"_timestamp":1.733147062587143e+09,"rollout/ep_rew_mean":0.97,"_step":74996}