{"train/explained_variance":0.57984835,"train/loss":-0.39546496,"time/fps":7015,"_timestamp":1.733174033543301e+09,"_step":170,"train/clip_range":0.2,"train/clip_fraction":0.11322115,"train/learning_rate":0.00025,"_wandb":{"runtime":7},"rollout/ep_rew_mean":0.05,"train/approx_kl":0.011570396,"rollout/ep_len_mean":97.26,"train/value_loss":0.0012020909,"train/entropy_loss":-1.5949241,"train/policy_gradient_loss":-0.01472485,"_runtime":7.033983,"global_step":12000}