{"train/learning_rate":0.00025,"time/fps":6899,"_step":170,"train/explained_variance":0.32073033,"train/loss":-0.44750363,"train/clip_range":0.2,"train/entropy_loss":-1.5937033,"rollout/ep_len_mean":100,"global_step":12000,"_timestamp":1.7331745649018219e+09,"train/clip_fraction":0.049158655,"train/policy_gradient_loss":-0.014217795,"train/value_loss":0.00066385797,"_runtime":7.153947,"rollout/ep_rew_mean":0,"_wandb":{"runtime":7},"train/approx_kl":0.008413972}