{"train/clip_fraction":0.041840278,"_timestamp":1.733175215698265e+09,"train/approx_kl":0.00907344,"global_step":1500,"_runtime":3.705419,"train/value_loss":0.0004313325,"_step":170,"rollout/ep_len_mean":94.86667,"train/explained_variance":0.91004443,"train/learning_rate":0.00025,"train/clip_range":0.2,"train/loss":-0.42503372,"rollout/ep_rew_mean":0.06666667,"time/fps":3236,"train/policy_gradient_loss":-0.012865256,"train/entropy_loss":-1.5841477,"_wandb":{"runtime":3}}