{"rollout/ep_len_mean":99.01,"train/clip_range":0.2,"train/entropy_loss":-1.5725218,"train/loss":-0.42701817,"_timestamp":1.733197181899762e+09,"train/explained_variance":-15.761232,"rollout/episode_reward":0,"train/policy_gradient_loss":-0.014658737,"_wandb":{"runtime":21002},"train/learning_rate":0.00025,"_runtime":21002.950297,"train/approx_kl":0.008223647,"rollout/ep_rew_mean":0.01,"global_step":10000000,"train/clip_fraction":0.005729167,"time/fps":476,"train/value_loss":4.7253275e-06,"_step":1200011}