{"rollout/ep_rew_mean":0.58,"_runtime":61.035312,"train/explained_variance":0.95324177,"train/loss":-0.44868967,"rollout/ep_len_mean":61.94,"_wandb":{"runtime":65},"train/entropy_loss":-1.5448672,"global_step":387200,"train/learning_rate":0.00025,"train/approx_kl":0.008139685,"train/policy_gradient_loss":-0.033452928,"_timestamp":1.733145815309115e+09,"_step":5798,"time/fps":6988,"train/value_loss":0.0011947139,"train/clip_range":0.2,"train/clip_fraction":0.060697116}